node_id,color,anomaly
0,blue,0
1,blue,0
2,blue,0
3,blue,0
4,orange,0
5,orange,0
6,blue,0
7,blue,1
8,blue,0
9,blue,0
10,orange,0
11,orange,0
12,blue,0
13,blue,0
14,blue,0
15,blue,0
16,orange,0
17,orange,0
18,blue,1
19,blue,0
20,blue,0
21,blue,0
22,orange,0
23,orange,0
24,blue,0
25,blue,0
26,blue,0
27,blue,0
28,orange,0
29,orange,0
30,blue,0
31,blue,0
32,blue,0
33,blue,0
34,orange,0
35,orange,0
36,blue,0
37,blue,0
38,blue,0
39,blue,0
40,orange,0
41,orange,0
42,blue,0
43,blue,1
44,blue,0
45,blue,0
46,orange,0
47,orange,0
48,blue,0
49,blue,0
50,blue,0
51,blue,1
52,orange,0
53,orange,0
54,blue,0
55,blue,0
56,blue,0
57,blue,0
58,orange,0
59,orange,0
60,blue,0
61,blue,0
62,blue,0
63,blue,0
64,orange,0
65,orange,0
66,blue,0
67,blue,0
68,blue,0
69,blue,0
70,orange,0
71,orange,0
72,blue,0
73,blue,0
74,blue,0
75,blue,0
76,orange,0
77,orange,0
78,blue,0
79,blue,0
80,blue,0
81,blue,0
82,orange,0
83,orange,0
84,blue,0
85,blue,0
86,blue,0
87,blue,0
88,orange,0
89,orange,0
90,blue,0
91,blue,0
92,blue,0
93,blue,0
94,orange,0
95,orange,0
96,blue,0
97,blue,0
98,blue,0
99,blue,0
100,orange,0
101,orange,0
102,blue,0
103,blue,0
104,blue,0
105,blue,0
106,orange,0
107,orange,0
108,blue,0
109,blue,0
110,blue,0
111,blue,0
112,orange,0
113,orange,0
114,blue,0
115,blue,0
116,blue,0
117,blue,0
118,orange,0
119,orange,0
120,blue,0
121,blue,0
122,blue,0
123,blue,1
124,orange,0
125,orange,0
126,blue,0
127,blue,0
128,blue,0
129,blue,0
130,orange,0
131,orange,0
132,blue,0
133,blue,0
134,blue,0
135,blue,0
136,orange,0
137,orange,0
138,blue,0
139,blue,0
140,blue,0
141,blue,0
142,orange,0
143,orange,1
144,blue,0
145,blue,0
146,blue,0
147,blue,0
148,orange,0
149,orange,0
150,blue,0
151,blue,0
152,blue,0
153,blue,0
154,orange,0
155,orange,0
156,blue,0
157,blue,0
158,blue,0
159,blue,0
160,orange,0
161,orange,0
162,blue,0
163,blue,0
164,blue,0
165,blue,0
166,orange,0
167,orange,0
168,blue,0
169,blue,0
170,blue,0
171,blue,0
172,orange,0
173,orange,0
174,blue,0
175,blue,0
176,blue,0
177,blue,0
178,orange,0
179,orange,0
180,blue,0
181,blue,0
182,blue,0
183,blue,0
184,orange,0
185,orange,0
186,blue,0
187,blue,0
188,blue,0
189,blue,0
190,orange,0
191,orange,0
192,blue,0
193,blue,0
194,blue,0
195,blue,0
196,orange,0
197,orange,0
198,blue,0
199,blue,0
200,blue,0
201,blue,0
202,orange,0
203,orange,0
204,blue,0
205,blue,0
206,blue,0
207,blue,0
208,orange,0
209,orange,0
210,blue,0
211,blue,0
212,blue,0
213,blue,0
214,orange,0
215,orange,0
216,blue,0
217,blue,0
218,blue,0
219,blue,0
220,orange,0
221,orange,0
222,blue,0
223,blue,0
224,blue,0
225,blue,0
226,orange,0
227,orange,0
228,blue,0
229,blue,0
230,blue,0
231,blue,0
232,orange,0
233,orange,0
234,blue,0
235,blue,0
236,blue,0
237,blue,0
238,orange,0
239,orange,0
240,blue,0
241,blue,0
242,blue,0
243,blue,0
244,orange,0
245,orange,0
246,blue,0
247,blue,0
248,blue,0
249,blue,0
250,orange,0
251,orange,0
252,blue,0
253,blue,0
254,blue,0
255,blue,0
256,orange,0
257,orange,0
258,blue,0
259,blue,0
260,blue,0
261,blue,0
262,orange,0
263,orange,0
264,blue,0
265,blue,0
266,blue,0
267,blue,0
268,orange,0
269,orange,0
270,blue,0
271,blue,0
272,blue,0
273,blue,0
274,orange,0
275,orange,0
276,blue,0
277,blue,0
278,blue,0
279,blue,0
280,orange,0
281,orange,0
282,blue,0
283,blue,0
284,blue,0
285,blue,0
286,orange,0
287,orange,0
288,blue,0
289,blue,0
290,blue,0
291,blue,0
292,orange,0
293,orange,0
294,blue,0
295,blue,0
296,blue,0
297,blue,0
298,orange,0
299,orange,0
300,blue,0
301,blue,0
302,blue,0
303,blue,0
304,orange,0
305,orange,0
306,blue,0
307,blue,0
308,blue,0
309,blue,0
310,orange,0
311,orange,0
312,blue,0
313,blue,0
314,blue,0
315,blue,0
316,orange,0
317,orange,0
318,blue,0
319,blue,0
320,blue,0
321,blue,0
322,orange,0
323,orange,0
324,blue,0
325,blue,0
326,blue,0
327,blue,0
328,orange,0
329,orange,0
330,blue,0
331,blue,1
332,blue,0
333,blue,0
334,orange,0
335,orange,0
336,blue,0
337,blue,0
338,blue,0
339,blue,0
340,orange,1
341,orange,0
342,blue,0
343,blue,0
344,blue,0
345,blue,0
346,orange,0
347,orange,0
348,blue,0
349,blue,0
350,blue,0
351,blue,0
352,orange,0
353,orange,0
354,blue,0
355,blue,0
356,blue,0
357,blue,0
358,orange,0
359,orange,0
360,blue,0
361,blue,0
362,blue,0
363,blue,0
364,orange,0
365,orange,0
366,blue,0
367,blue,0
368,blue,0
369,blue,0
370,orange,0
371,orange,0
372,blue,0
373,blue,0
374,blue,0
375,blue,0
376,orange,0
377,orange,0
378,blue,0
379,blue,0
380,blue,0
381,blue,0
382,orange,0
383,orange,0
384,blue,0
385,blue,0
386,blue,0
387,blue,0
388,orange,0
389,orange,0
390,blue,0
391,blue,0
392,blue,0
393,blue,0
394,orange,0
395,orange,0
396,blue,0
397,blue,0
398,blue,0
399,blue,0
400,orange,0
401,orange,0
402,blue,0
403,blue,0
404,blue,0
405,blue,0
406,orange,0
407,orange,0
408,blue,0
409,blue,0
410,blue,0
411,blue,0
412,orange,0
413,orange,0
414,blue,0
415,blue,0
416,blue,0
417,blue,0
418,orange,0
419,orange,0
420,blue,0
421,blue,0
422,blue,0
423,blue,0
424,orange,0
425,orange,0
426,blue,0
427,blue,0
428,blue,0
429,blue,0
430,orange,0
431,orange,0
432,blue,0
433,blue,0
434,blue,0
435,blue,0
436,orange,0
437,orange,0
438,blue,0
439,blue,0
440,blue,0
441,blue,0
442,orange,0
443,orange,0
444,blue,0
445,blue,0
446,blue,0
447,blue,0
448,orange,0
449,orange,0
450,blue,0
451,blue,0
452,blue,0
453,blue,0
454,orange,0
455,orange,1
456,blue,0
457,blue,0
458,blue,0
459,blue,0
460,orange,0
461,orange,0
462,blue,0
463,blue,0
464,blue,0
465,blue,0
466,orange,0
467,orange,0
468,blue,0
469,blue,0
470,blue,0
471,blue,0
472,orange,0
473,orange,0
474,blue,0
475,blue,0
476,blue,0
477,blue,0
478,orange,0
479,orange,0
480,blue,0
481,blue,0
482,blue,0
483,blue,0
484,orange,0
485,orange,0
486,blue,0
487,blue,0
488,blue,0
489,blue,0
490,orange,0
491,orange,0
492,blue,0
493,blue,0
494,blue,0
495,blue,0
496,orange,0
497,orange,0
498,blue,0
499,blue,0
500,blue,0
501,blue,0
502,orange,0
503,orange,0
504,blue,0
505,blue,0
506,blue,0
507,blue,0
508,orange,0
509,orange,1
510,blue,0
511,blue,0
512,blue,0
513,blue,0
514,orange,0
515,orange,0
516,blue,0
517,blue,0
518,blue,0
519,blue,0
520,orange,0
521,orange,0
522,blue,0
523,blue,0
524,blue,0
525,blue,0
526,orange,0
527,orange,0
528,blue,0
529,blue,0
530,blue,0
531,blue,0
532,orange,0
533,orange,0
534,blue,0
535,blue,0
536,blue,0
537,blue,0
538,orange,0
539,orange,0
540,blue,0
541,blue,0
542,blue,0
543,blue,1
544,orange,0
545,orange,0
546,blue,0
547,blue,0
548,blue,0
549,blue,0
550,orange,0
551,orange,0
552,blue,0
553,blue,0
554,blue,1
555,blue,0
556,orange,0
557,orange,0
558,blue,0
559,blue,0
560,blue,0
561,blue,0
562,orange,0
563,orange,0
564,blue,0
565,blue,0
566,blue,0
567,blue,0
568,orange,0
569,orange,0
570,blue,0
571,blue,0
572,blue,0
573,blue,0
574,orange,0
575,orange,0
576,blue,0
577,blue,0
578,blue,0
579,blue,0
580,orange,0
581,orange,0
582,blue,0
583,blue,0
584,blue,0
585,blue,0
586,orange,0
587,orange,0
588,blue,0
589,blue,0
590,blue,0
591,blue,0
592,orange,0
593,orange,0
594,blue,0
595,blue,0
596,blue,0
597,blue,0
598,orange,0
599,orange,0
600,blue,0
601,blue,0
602,blue,0
603,blue,0
604,orange,0
605,orange,0
606,blue,0
607,blue,0
608,blue,0
609,blue,0
610,orange,0
611,orange,0
612,blue,0
613,blue,0
614,blue,0
615,blue,0
616,orange,0
617,orange,0
618,blue,0
619,blue,0
620,blue,0
621,blue,1
622,orange,0
623,orange,0
624,blue,0
625,blue,0
626,blue,0
627,blue,0
628,orange,0
629,orange,0
630,blue,0
631,blue,0
632,blue,0
633,blue,0
634,orange,0
635,orange,0
636,blue,0
637,blue,0
638,blue,0
639,blue,0
640,orange,0
641,orange,0
642,blue,0
643,blue,0
644,blue,0
645,blue,0
646,orange,0
647,orange,0
648,blue,0
649,blue,1
650,blue,0
651,blue,0
652,orange,0
653,orange,0
654,blue,0
655,blue,0
656,blue,0
657,blue,0
658,orange,0
659,orange,0
660,blue,0
661,blue,0
662,blue,1
663,blue,0
664,orange,0
665,orange,0
666,blue,0
667,blue,0
668,blue,0
669,blue,0
670,orange,0
671,orange,1
672,blue,1
673,blue,0
674,blue,0
675,blue,0
676,orange,0
677,orange,0
678,blue,0
679,blue,0
680,blue,0
681,blue,0
682,orange,0
683,orange,0
684,blue,0
685,blue,0
686,blue,0
687,blue,0
688,orange,0
689,orange,0
690,blue,0
691,blue,0
692,blue,0
693,blue,0
694,orange,0
695,orange,0
696,blue,0
697,blue,0
698,blue,0
699,blue,0
700,orange,0
701,orange,0
702,blue,0
703,blue,0
704,blue,1
705,blue,0
706,orange,0
707,orange,0
708,blue,0
709,blue,0
710,blue,0
711,blue,0
712,orange,0
713,orange,0
714,blue,0
715,blue,0
716,blue,0
717,blue,0
718,orange,0
719,orange,0
720,blue,0
721,blue,0
722,blue,0
723,blue,0
724,orange,0
725,orange,0
726,blue,0
727,blue,0
728,blue,0
729,blue,0
730,orange,0
731,orange,0
732,blue,0
733,blue,0
734,blue,0
735,blue,0
736,orange,0
737,orange,0
738,blue,0
739,blue,0
740,blue,0
741,blue,0
742,orange,0
743,orange,0
744,blue,0
745,blue,0
746,blue,1
747,blue,0
748,orange,0
749,orange,0
750,blue,0
751,blue,0
752,blue,0
753,blue,0
754,orange,0
755,orange,0
756,blue,0
757,blue,0
758,blue,0
759,blue,0
760,orange,0
761,orange,0
762,blue,0
763,blue,0
764,blue,0
765,blue,0
766,orange,0
767,orange,0
768,blue,0
769,blue,0
770,blue,0
771,blue,0
772,orange,0
773,orange,0
774,blue,0
775,blue,0
776,blue,0
777,blue,0
778,orange,0
779,orange,0
780,blue,0
781,blue,0
782,blue,0
783,blue,0
784,orange,1
785,orange,0
786,blue,0
787,blue,0
788,blue,0
789,blue,0
790,orange,0
791,orange,0
792,blue,0
793,blue,0
794,blue,0
795,blue,0
796,orange,0
797,orange,0
798,blue,0
799,blue,0
800,blue,0
801,blue,0
802,orange,0
803,orange,0
804,blue,0
805,blue,0
806,blue,0
807,blue,1
808,orange,1
809,orange,0
810,blue,0
811,blue,0
812,blue,0
813,blue,0
814,orange,0
815,orange,0
816,blue,0
817,blue,0
818,blue,0
819,blue,0
820,orange,0
821,orange,0
822,blue,0
823,blue,0
824,blue,0
825,blue,0
826,orange,0
827,orange,0
828,blue,0
829,blue,0
830,blue,0
831,blue,0
832,orange,0
833,orange,0
834,blue,0
835,blue,0
836,blue,0
837,blue,0
838,orange,0
839,orange,0
840,blue,0
841,blue,0
842,blue,0
843,blue,0
844,orange,0
845,orange,0
846,blue,0
847,blue,0
848,blue,0
849,blue,0
850,orange,0
851,orange,0
852,blue,0
853,blue,0
854,blue,0
855,blue,0
856,orange,0
857,orange,0
858,blue,0
859,blue,0
860,blue,0
861,blue,0
862,orange,0
863,orange,0
864,blue,0
865,blue,0
866,blue,0
867,blue,0
868,orange,0
869,orange,0
870,blue,0
871,blue,0
872,blue,0
873,blue,0
874,orange,1
875,orange,1
876,blue,0
877,blue,0
878,blue,0
879,blue,0
880,orange,0
881,orange,0
882,blue,0
883,blue,0
884,blue,0
885,blue,0
886,orange,0
887,orange,0
888,blue,0
889,blue,0
890,blue,0
891,blue,0
892,orange,0
893,orange,0
894,blue,0
895,blue,0
896,blue,0
897,blue,0
898,orange,0
899,orange,0
900,grey,0
901,grey,0
902,grey,0
903,grey,0
904,grey,0
905,grey,0
906,grey,0
907,grey,0
908,grey,0
909,grey,0
910,grey,0
911,grey,0
912,grey,0
913,grey,0
914,grey,0
915,grey,0
916,grey,0
917,grey,0
918,grey,0
919,grey,0
920,grey,0
921,grey,0
922,grey,0
923,grey,0
924,grey,0
925,grey,0
926,grey,0
927,grey,0
928,grey,0
929,grey,0
930,grey,0
931,grey,0
932,grey,0
933,grey,0
934,grey,0
935,grey,0
936,grey,0
937,grey,0
938,grey,0
939,grey,0
940,grey,0
941,grey,0
942,grey,0
943,grey,0
944,grey,0
945,grey,0
946,grey,0
947,grey,0
948,grey,0
949,grey,0
950,grey,0
951,grey,0
952,grey,0
953,grey,0
954,grey,0
955,grey,0
956,grey,0
957,grey,0
958,grey,0
959,grey,0
960,grey,0
961,grey,0
962,grey,0
963,grey,0
964,grey,0
965,grey,0
966,grey,0
967,grey,0
968,grey,0
969,grey,0
970,grey,0
971,grey,0
972,grey,0
973,grey,0
974,grey,0
975,grey,0
976,grey,0
977,grey,0
978,grey,0
979,grey,0
980,grey,0
981,grey,0
982,grey,0
983,grey,0
984,grey,0
985,grey,0
986,grey,0
987,grey,0
988,grey,0
989,grey,0
990,grey,0
991,grey,0
992,grey,0
993,grey,0
994,grey,0
995,grey,0
996,grey,0
997,grey,0
998,grey,0
999,grey,0
1000,grey,0
1001,grey,0
1002,grey,0
1003,grey,0
1004,grey,0
1005,grey,0
1006,grey,0
1007,grey,0
1008,grey,0
1009,grey,0
1010,grey,0
1011,grey,0
1012,grey,0
1013,grey,0
1014,grey,0
1015,grey,0
1016,grey,0
1017,grey,0
1018,grey,0
1019,grey,0
1020,grey,0
1021,grey,0
1022,grey,0
1023,grey,0
1024,grey,0
1025,grey,0
1026,grey,0
1027,grey,0
1028,grey,0
1029,grey,0
1030,grey,0
1031,grey,0
1032,grey,0
1033,grey,0
1034,grey,0
1035,grey,0
1036,grey,0
1037,grey,0
1038,grey,0
1039,grey,0
1040,grey,0
1041,grey,0
1042,grey,0
1043,grey,0
1044,grey,0
1045,grey,0
1046,grey,0
1047,grey,0
1048,grey,0
1049,grey,0
1050,grey,0
1051,grey,0
1052,grey,0
1053,grey,0
1054,grey,0
1055,grey,0
1056,grey,0
1057,grey,0
1058,grey,0
1059,grey,0
1060,grey,0
1061,grey,0
1062,grey,0
1063,grey,0
1064,grey,0
1065,grey,0
1066,grey,0
1067,grey,0
1068,grey,0
1069,grey,0
1070,grey,0
1071,grey,0
1072,grey,0
1073,grey,0
1074,grey,0
1075,grey,0
1076,grey,0
1077,grey,0
1078,grey,0
1079,grey,0
1080,grey,0
1081,grey,0
1082,grey,0
1083,grey,0
1084,grey,0
1085,grey,0
1086,grey,0
1087,grey,0
1088,grey,0
1089,grey,0
1090,grey,0
1091,grey,0
1092,grey,0
1093,grey,0
1094,grey,0
1095,grey,0
1096,grey,0
1097,grey,0
1098,grey,0
1099,grey,0
1100,grey,0
1101,grey,0
1102,grey,0
1103,grey,0
1104,grey,0
1105,grey,0
1106,grey,0
1107,grey,0
1108,grey,0
1109,grey,0
1110,grey,0
1111,grey,0
1112,grey,0
1113,grey,0
1114,grey,0
1115,grey,0
1116,grey,0
1117,grey,0
1118,grey,0
1119,grey,0
1120,grey,0
1121,grey,0
1122,grey,0
1123,grey,0
1124,grey,0
1125,grey,0
1126,grey,0
1127,grey,0
1128,grey,0
1129,grey,0
1130,grey,0
1131,grey,0
1132,grey,0
1133,grey,0
1134,grey,0
1135,grey,0
1136,grey,0
1137,grey,0
1138,grey,0
1139,grey,0
1140,grey,0
1141,grey,0
1142,grey,0
1143,grey,0
1144,grey,0
1145,grey,0
1146,grey,0
1147,grey,0
1148,grey,0
1149,grey,0
1150,grey,0
1151,grey,0
1152,grey,0
1153,grey,0
1154,grey,0
1155,grey,0
1156,grey,0
1157,grey,0
1158,grey,0
1159,grey,0
1160,grey,0
1161,grey,0
1162,grey,0
1163,grey,0
1164,grey,0
1165,grey,0
1166,grey,0
1167,grey,0
1168,grey,0
1169,grey,0
1170,grey,0
1171,grey,0
1172,grey,0
1173,grey,0
1174,grey,0
1175,grey,0
1176,grey,0
1177,grey,0
1178,grey,0
1179,grey,0
1180,grey,0
1181,grey,0
1182,grey,0
1183,grey,0
1184,grey,0
1185,grey,0
1186,grey,0
1187,grey,0
1188,grey,0
1189,grey,0
1190,grey,0
1191,grey,0
1192,grey,0
1193,grey,0
1194,grey,0
1195,grey,0
1196,grey,0
1197,grey,0
1198,grey,0
1199,grey,0
1200,grey,0
1201,grey,0
1202,grey,0
1203,grey,0
1204,grey,0
1205,grey,0
1206,grey,0
1207,grey,0
1208,grey,0
1209,grey,0
1210,grey,0
1211,grey,0
1212,grey,0
1213,grey,0
1214,grey,0
1215,grey,0
1216,grey,0
1217,grey,0
1218,grey,0
1219,grey,0
1220,grey,0
1221,grey,0
1222,grey,0
1223,grey,0
1224,grey,0
1225,grey,0
1226,grey,0
1227,grey,0
1228,grey,0
1229,grey,0
1230,grey,0
1231,grey,0
1232,grey,0
1233,grey,0
1234,grey,0
1235,grey,0
1236,grey,0
1237,grey,0
1238,grey,0
1239,grey,0
1240,grey,0
1241,grey,0
1242,grey,0
1243,grey,0
1244,grey,0
1245,grey,0
1246,grey,0
1247,grey,0
1248,grey,0
1249,grey,0
1250,grey,0
1251,grey,0
1252,grey,0
1253,grey,0
1254,grey,0
1255,grey,0
1256,grey,0
1257,grey,0
1258,grey,0
1259,grey,0
1260,grey,0
1261,grey,0
1262,grey,0
1263,grey,0
1264,grey,0
1265,grey,0
1266,grey,0
1267,grey,0
1268,grey,0
1269,grey,0
1270,grey,0
1271,grey,0
1272,grey,0
1273,grey,0
1274,grey,0
1275,grey,0
1276,grey,0
1277,grey,0
1278,grey,0
1279,grey,0
1280,grey,0
1281,grey,0
1282,grey,0
1283,grey,0
1284,grey,0
1285,grey,0
1286,grey,0
1287,grey,0
1288,grey,0
1289,grey,0
1290,grey,0
1291,grey,0
1292,grey,0
1293,grey,0
1294,grey,0
1295,grey,0
1296,grey,0
1297,grey,0
1298,grey,0
1299,grey,0
